{"AA": 1.9428056295283755, "AR": 0.9590995832264329, "AN": 0.5913710794271738, "AD": 0.5929111082798488, "AC": 1.273090518211277, "AE": 0.3637401480603649, "AQ": 1.0717343648207176, "AG": 1.295231222875821, "AH": 0.3530419084115305, "AI": 0.9913409772956664, "AL": 1.2788511087914187, "AK": 0.7235729312489875, "AM": 0.8657015523836684, "AF": 1.1962660903881823, "AP": 0.6988873205644381, "AS": 1.2286434677001599, "AT": 1.2673429312216102, "AW": 1.498329609894811, "AY": 1.4515611516053812, "AV": 1.3505829845371806, "RA": 0.9519857783533596, "RR": 1.165636580270481, "RN": 0.8848408877062146, "RD": 1.6366567095241638, "RC": 0.8814870082702814, "RE": 1.2166765561560675, "RQ": 0.8368591338327357, "RG": 1.2329025647445877, "RH": 0.5022823515127686, "RI": 0.7140081819826952, "RL": 1.1573160442727115, "RK": 0.5266937848393793, "RM": 0.7228193467816307, "RF": 1.094454581223291, "RP": 0.5230552370644235, "RS": 1.4351007556473967, "RT": 1.0919479626671622, "RW": 0.6843260087873427, "RY": 1.0392801535321794, "RV": 1.0636806440933697, "NA": 0.7867229667992635, "NR": 0.7982754120406186, "NN": 1.2295233251616904, "ND": 0.6758885324397361, "NC": 0.8873832424393132, "NE": 0.4360739808164685, "NQ": 0.5900257747195798, "NG": 1.03385659441338, "NH": 0.5459590777312702, "NI": 0.4970315975411454, "NL": 0.4409669473983336, "NK": 0.6649184424025603, "NM": 0.3811522308001241, "NF": 0.5824818574139827, "NP": 0.4487558481187029, "NS": 0.9008188633170016, "NT": 0.7332858944697648, "NW": 0.6896723057309938, "NY": 0.639571500280582, "NV": 0.6704060976523922, "DA": 0.6031132464340998, "DR": 1.4235834951979771, "DN": 0.5760346925125687, "DD": 0.7800469794441035, "DC": 0.4637677684750017, "DE": 0.35430705293431797, "DQ": 0.4934991094442287, "DG": 0.5661210519711387, "DH": 0.489777396703322, "DI": 0.4811218724272024, "DL": 0.5555085694196434, "DK": 1.797139485293797, "DM": 0.23148060791708774, "DF": 0.6699254046861529, "DP": 0.44105749115277226, "DS": 1.0019556060536576, "DT": 0.6606266946359971, "DW": 0.48649083806750604, "DY": 0.8885270330595827, "DV": 0.7548280692948516, "CA": 2.966332497767715, "CR": 0.8296292950995654, "CN": 1.8363010700466809, "CD": 1.2050725772181343, "CC": 20.5949376108081, "CE": 1.2262826873667745, "CQ": 2.3234829865896773, "CG": 2.103762312857828, "CH": 0.7175462164468123, "CI": 1.9441712148718275, "CL": 4.958428341856818, "CK": 0.33354687405144784, "CM": 0.9487555528574516, "CF": 2.862624512931966, "CP": 0.5135017167527445, "CS": 3.052106391985318, "CT": 2.120243786295434, "CW": 5.583061522584235, "CY": 3.369412243792819, "CV": 2.227513037143582, "EA": 0.5954317057562929, "ER": 1.301041337009032, "EN": 0.7881350578010571, "ED": 0.4046229091389355, "EC": 0.7448837436534381, "EE": 0.97942439763178, "EQ": 0.3895437945126398, "EG": 1.1286608028835792, "EH": 0.6232700712202237, "EI": 0.4529777020343703, "EL": 0.6416015439031715, "EK": 0.8947334030212197, "EM": 0.2036015565986064, "EF": 0.4889446248365548, "EP": 0.4385379624822709, "ES": 1.0336024871856575, "ET": 0.7583353688209945, "EW": 0.7047746189951761, "EY": 0.638803281717924, "EV": 1.036976872117126, "QA": 1.194408218127708, "QR": 1.1741315891844768, "QN": 0.6028917672454146, "QD": 0.7998269317819474, "QC": 1.3331315884096722, "QE": 0.5157583915659977, "QQ": 2.7931915217658543, "QG": 1.7018462437173683, "QH": 0.2444737109132944, "QI": 0.6069943403599829, "QL": 1.1847572144259653, "QK": 0.5785414806556086, "QM": 0.6347426530621534, "QF": 1.12478343693964, "QP": 1.1587870599287595, "QS": 1.253128679154293, "QT": 1.0746207444618852, "QW": 0.671362421508047, "QY": 2.0927392767106308, "QV": 0.9659127329206684, "GA": 0.6202331586241585, "GR": 0.872329096581613, "GN": 0.8413597630032064, "GD": 0.7361897926278057, "GC": 0.7068334052330459, "GE": 0.6604324367942781, "GQ": 0.9814075296765716, "GG": 2.617665320619034, "GH": 0.5114147579039098, "GI": 0.8135826305725451, "GL": 1.037581864593509, "GK": 0.7089387195748047, "GM": 0.4781727986401557, "GF": 1.0617734557056748, "GP": 0.6498130815634732, "GS": 1.2845948002461671, "GT": 0.8831428663577674, "GW": 1.1787126679766076, "GY": 1.1713947063827097, "GV": 1.0584061946185264, "HA": 0.5064470118140001, "HR": 0.6668164915959734, "HN": 0.4389207435721335, "HD": 0.4937858365186502, "HC": 0.2370477883403508, "HE": 0.581815251926521, "HQ": 0.35702299550036515, "HG": 0.6845527870246131, "HH": 0.9065583905352408, "HI": 0.4301834453979809, "HL": 0.5804989278271396, "HK": 0.28473513638538234, "HM": 0.4665100474538105, "HF": 0.6535162302693465, "HP": 0.40579160055582736, "HS": 0.7998146075423808, "HT": 0.38173790564786975, "HW": 0.4485673533209716, "HY": 0.6539860478324445, "HV": 0.5408812144392005, "IA": 0.8069333614617156, "IR": 0.7394043584972253, "IN": 0.5318941030480041, "ID": 0.5725249025863933, "IC": 0.8192226248390667, "IE": 0.436209449589633, "IQ": 0.5725249025863933, "IG": 0.7368146572416192, "IH": 0.4811133635179776, "II": 2.152443349614418, "IL": 1.7616150848812102, "IK": 0.4383393785427074, "IM": 0.7328318753105835, "IF": 1.2371802492671486, "IP": 0.4957947610026499, "IS": 1.462008728799169, "IT": 1.2303469689892697, "IW": 1.7263827831835863, "IY": 1.5124645401659238, "IV": 1.3275939770119265, "LA": 1.3726196961720172, "LR": 1.3068742407755696, "LN": 0.6227455802767004, "LD": 0.7185525926269621, "LC": 2.143000347387457, "LE": 0.7829127454813044, "LQ": 1.0133669004012047, "LG": 1.4930793908389954, "LH": 0.5303602469389481, "LI": 1.7041083344267842, "LL": 3.5109368383333983, "LK": 0.7831100521207907, "LM": 1.2375072428575458, "LF": 1.3548570676112783, "LP": 0.8994253672315152, "LS": 2.0460531222308047, "LT": 1.592277942277203, "LW": 1.699192637308245, "LY": 1.6076028668897089, "LV": 2.3136004975162807, "KA": 0.9202126361688168, "KR": 0.4988955502816589, "KN": 0.6473966546222969, "KD": 0.7300804664898185, "KC": 0.2482945812178127, "KE": 0.9497448704308172, "KQ": 0.6900490074223905, "KG": 0.8441244660221726, "KH": 0.2383091448783208, "KI": 0.369534441133302, "KL": 0.7205678877681769, "KK": 1.0310737311006437, "KM": 0.4362890498541566, "KF": 0.3510371665493213, "KP": 0.6409400990125498, "KS": 1.0988826442710675, "KT": 0.7681838801043841, "KW": 0.654433574781235, "KY": 0.5708454857904853, "KV": 0.8093478026280005, "MA": 1.0986416658398943, "MR": 1.2243532047338317, "MN": 0.7934634253288128, "MD": 0.3273036629481353, "MC": 0.8399100648602553, "ME": 0.4015896520031542, "MQ": 0.7153315676306184, "MG": 0.7379209855557958, "MH": 0.6201016685342822, "MI": 0.8467945735886182, "ML": 1.7362846718959903, "MK": 0.6629758854602853, "MM": 3.1484628717047287, "MF": 1.3995053174334058, "MP": 0.22822298522344206, "MS": 0.8832969403161647, "MT": 0.8661826467020629, "MW": 0.9082104437609796, "MY": 1.8390554157153791, "MV": 1.8394552103709692, "FA": 0.9059339790479778, "FR": 0.9344971976817974, "FN": 0.8546244439514552, "FD": 0.7100157346852791, "FC": 1.1295006779568608, "FE": 0.4981882439714804, "FQ": 0.8654189164578107, "FG": 0.9903402557030252, "FH": 0.7194855305453172, "FI": 1.1828968213295832, "FL": 1.4107764176585245, "FK": 0.5237587400645708, "FM": 0.8831119254165037, "FF": 1.8382691466827976, "FP": 0.6162020601032934, "FS": 1.1682795680195217, "FT": 0.8678934024491874, "FW": 1.5284629478362566, "FY": 1.1272912656331022, "FV": 1.2829939955679852, "PA": 0.6713921291243798, "PR": 0.7500542155126174, "PN": 0.5078165922104401, "PD": 0.38681341984779616, "PC": 0.07999143474859574, "PE": 0.4239001882255517, "PQ": 1.0667225131333782, "PG": 1.261951830370781, "PH": 0.3307208898849505, "PI": 0.6451768179722805, "PL": 1.0239627552207118, "PK": 0.6725842316263763, "PM": 0.4919473237038638, "PF": 0.8199122061731063, "PP": 1.483449403952373, "PS": 0.9446370056158984, "PT": 1.010546421152407, "PW": 1.4947630220232786, "PY": 0.9195277078576892, "PV": 0.9981539901237816, "SA": 0.902222792347747, "SR": 1.193030029474381, "SN": 1.1023255384879629, "SD": 1.1264031508122023, "SC": 0.8075099733374561, "SE": 1.2105783018655911, "SQ": 1.0270811755446023, "SG": 1.2531137882051555, "SH": 0.8272009053103458,